1,Merry,MacKettrick,mmackettrick0@latimes.com,Male,233.43.85.181
2,Calla,Truin,ctruin1@surveymonkey.com,Female,206.110.220.40
3,Tobiah,Cattlow,tcattlow2@oaic.gov.au,Male,125.41.142.213
4,Budd,Balwin,bbalwin3@networksolutions.com,Male,135.230.96.122
5,Cornela,Braid,cbraid4@quantcast.com,Female,35.176.41.198
6,Angel,Arthan,aarthan5@gov.uk,Female,26.80.243.132
7,Horatio,Chestnutt,hchestnutt6@npr.org,Male,100.251.42.5
8,Alford,Evans,aevans7@ca.gov,Male,249.64.81.96
9,Eberhard,Bartholomaus,ebartholomaus8@weibo.com,Male,80.173.247.158
10,Pauline,Albon,palbon9@amazon.de,Female,170.85.208.240
11,Whitby,Pentlow,wpentlowa@hatena.ne.jp,Male,78.156.106.226
12,Kathie,Sabban,ksabbanb@narod.ru,Female,39.115.66.167
13,Merissa,Berntssen,mberntssenc@simplemachines.org,Female,141.192.242.71
14,Raina,Northgraves,rnorthgravesd@uol.com.br,Female,106.212.117.124
15,Aymer,Bennedick,abennedicke@archive.org,Male,251.145.56.81
16,Bucky,MacCumeskey,bmaccumeskeyf@topsy.com,Male,225.1.134.94
17,Alfonse,Bruyet,abruyetg@usnews.com,Male,123.36.122.135
18,Darrick,Gildroy,dgildroyh@opensource.org,Male,255.87.229.94
19,Caritta,Risdale,crisdalei@weebly.com,Female,192.83.148.61
20,Alexi,Cumberland,acumberlandj@acquirethisname.com,Female,118.176.68.90
21,Clywd,Jerrans,cjerransk@about.com,Male,167.187.228.143
22,Aimee,MacLise,amaclisel@answers.com,Female,252.240.27.105
23,Hermon,Dullard,hdullardm@simplemachines.org,Male,233.21.114.196
24,Lorelle,McCaughen,lmccaughenn@pbs.org,Female,33.153.83.125
25,Burgess,Ghiotto,bghiottoo@mtv.com,Male,86.246.210.16
26,Hollyanne,Stetlye,hstetlyep@hud.gov,Female,188.79.63.131
27,Mycah,Bentz,mbentzq@about.com,Male,178.229.2.190
28,Noreen,Auchinleck,nauchinleckr@vk.com,Female,221.181.27.247
29,Jacqueline,McNab,jmcnabs@wordpress.com,Female,175.165.48.1
30,Thorvald,Dello,tdellot@photobucket.com,Male,188.30.133.23
31,Nolie,Duckworth,nduckworthu@deliciousdays.com,Female,213.195.26.54
32,Wilhelmina,Follos,wfollosv@alibaba.com,Female,211.249.146.84
33,Stevy,Dommett,sdommettw@yale.edu,Male,244.158.56.156
34,Burnaby,Lerer,blererx@prweb.com,Male,16.128.27.230
35,Isidore,Le Guin,ileguiny@devhub.com,Male,232.248.218.34
36,Jenna,Leicester,jleicesterz@addthis.com,Female,120.169.201.207
37,Milzie,Sleightholme,msleightholme10@sun.com,Female,17.85.9.175
38,Janeen,Bewlie,jbewlie11@alibaba.com,Female,23.1.236.170
39,Dulci,Flanaghan,dflanaghan12@squidoo.com,Female,188.85.127.181
40,Jule,Pepall,jpepall13@t.co,Male,106.239.29.142
41,Jordan,Snalom,jsnalom14@geocities.com,Female,227.242.213.93
42,Britteny,Lethieulier,blethieulier15@fda.gov,Female,209.164.170.73
43,Karita,Rigby,krigby16@microsoft.com,Female,123.87.88.151
44,Beth,Chaudron,bchaudron17@apache.org,Female,235.202.206.40
45,Marty,Rochester,mrochester18@ebay.com,Female,146.58.253.86
46,Eward,Van Der Weedenburg,evanderweedenburg19@epa.gov,Male,252.211.0.144
47,Gertrudis,Dunks,gdunks1a@noaa.gov,Female,221.246.130.81
48,Lenore,Southerton,lsoutherton1b@macromedia.com,Female,192.248.170.96
49,Adoree,Fone,afone1c@storify.com,Female,110.119.166.177
50,Estevan,Stamp,estamp1d@google.com,Male,131.90.2.133
51,Ettore,Brettell,ebrettell1e@paginegialle.it,Male,245.230.122.206
52,Porty,Murty,pmurty1f@chron.com,Male,73.155.225.244
53,Morly,Massei,mmassei1g@wsj.com,Male,0.192.161.54
54,Raffaello,Perris,rperris1h@tamu.edu,Male,65.194.9.9
55,Purcell,Looney,plooney1i@symantec.com,Male,131.161.173.133
56,Derk,Cowoppe,dcowoppe1j@purevolume.com,Male,179.232.12.137
57,Noah,Free,nfree1k@mapy.cz,Male,215.180.217.183
58,Jarad,Gainforth,jgainforth1l@cbsnews.com,Male,33.61.116.13
59,Sophey,Hutten,shutten1m@lycos.com,Female,149.66.33.214
60,Ludovico,Portwaine,lportwaine1n@4shared.com,Male,171.107.218.212
61,Nevsa,Woodyear,nwoodyear1o@wikimedia.org,Female,238.111.109.33
62,Aggy,Kynge,akynge1p@shinystat.com,Female,255.24.112.88
63,Chad,Coatts,ccoatts1q@comcast.net,Female,113.208.86.134
64,Orrin,O'Looney,oolooney1r@google.fr,Male,191.38.13.52
65,Mitchael,Offill,moffill1s@acquirethisname.com,Male,109.118.162.173
66,Dilly,Leyninye,dleyninye1t@behance.net,Male,113.171.205.70
67,Clarice,Bein,cbein1u@i2i.jp,Female,132.171.237.112
68,Cristie,Meffin,cmeffin1v@mapquest.com,Female,117.193.221.94
69,Hedda,Chalder,hchalder1w@123-reg.co.uk,Female,97.156.209.129
70,Jonah,Binny,jbinny1x@wunderground.com,Male,8.156.182.14
71,Maurine,Payfoot,mpayfoot1y@youku.com,Female,90.49.168.10
72,Yule,Pratchett,ypratchett1z@bloglines.com,Male,156.223.243.46
73,Coriss,Moss,cmoss20@arstechnica.com,Female,135.8.177.242
74,Janeen,Dandie,jdandie21@uiuc.edu,Female,131.145.234.101
75,Shea,Kumar,skumar22@freewebs.com,Female,207.135.80.111
76,Evangelina,Jeaffreson,ejeaffreson23@clickbank.net,Female,79.31.87.19
77,Gradeigh,Rustich,grustich24@mtv.com,Male,190.117.238.27
78,Philip,Santorini,psantorini25@wix.com,Male,156.255.75.113
79,Rubetta,McOnie,rmconie26@state.gov,Female,178.77.144.180
80,Gannon,Trenear,gtrenear27@i2i.jp,Male,190.248.165.137
81,Marcella,Lillicrop,mlillicrop28@google.ca,Female,209.182.242.2
82,Nels,Mackro,nmackro29@zimbio.com,Male,64.190.99.240
83,Lanie,Bunnell,lbunnell2a@fda.gov,Male,26.162.214.40
84,Jeffrey,Dunlop,jdunlop2b@intel.com,Male,126.23.113.75
85,Lane,Backwell,lbackwell2c@globo.com,Male,146.134.213.247
86,Andie,Enever,aenever2d@china.com.cn,Male,210.232.38.217
87,Creigh,Basile,cbasile2e@t-online.de,Male,86.221.231.235
88,Alicea,Swinfen,aswinfen2f@harvard.edu,Female,87.37.73.162
89,Ardelis,Dayes,adayes2g@w3.org,Female,250.48.152.179
90,Dorthea,Bulmer,dbulmer2h@sakura.ne.jp,Female,188.0.184.14
91,Patti,Winsley,pwinsley2i@sitemeter.com,Female,220.47.86.166
92,Elwyn,Bucknall,ebucknall2j@amazon.de,Male,115.35.208.239
93,Shelia,Baine,sbaine2k@tinypic.com,Female,21.195.68.251
94,Devora,Crumpton,dcrumpton2l@oakley.com,Female,249.145.214.186
95,Cate,Whitney,cwhitney2m@bandcamp.com,Female,23.119.97.37
96,Minetta,Gosnell,mgosnell2n@acquirethisname.com,Female,87.194.183.164
97,Averyl,Dumphy,adumphy2o@hao123.com,Female,235.251.92.162
98,Kienan,Hollidge,khollidge2p@cbslocal.com,Male,42.93.103.71
99,Isidora,Malin,imalin2q@walmart.com,Female,53.12.212.143
100,Sande,Sneezem,ssneezem2r@mail.ru,Female,165.194.227.127
101,Anton,Faccini,afaccini2s@imdb.com,Male,179.102.232.142
102,Deena,Boon,dboon2t@blogs.com,Female,249.130.156.14
103,Damaris,Deaton,ddeaton2u@phoca.cz,Female,74.6.76.122
104,Trefor,Wagge,twagge2v@arizona.edu,Male,250.250.73.134
105,Cchaddie,Lumly,clumly2w@paypal.com,Male,104.142.206.216
106,Meade,Dosdale,mdosdale2x@jiathis.com,Female,151.212.30.122
107,Oralee,Farron,ofarron2y@flickr.com,Female,251.194.67.45
108,Kermit,Wilbraham,kwilbraham2z@samsung.com,Male,236.153.124.30
109,Luis,Hauch,lhauch30@stumbleupon.com,Male,13.85.92.173
110,Shannon,Wildes,swildes31@imdb.com,Female,163.34.118.95
111,Brittne,Stonehewer,bstonehewer32@mapy.cz,Female,111.67.2.57
112,Marc,Fluin,mfluin33@weibo.com,Male,135.234.83.77
113,Rance,Hullett,rhullett34@nsw.gov.au,Male,155.27.227.212
114,Juliette,Gerriets,jgerriets35@arizona.edu,Female,40.251.169.237
115,Janina,Wortley,jwortley36@tumblr.com,Female,212.134.62.193
116,Friederike,Caird,fcaird37@slashdot.org,Female,47.152.68.60
117,Jeanine,Mixworthy,jmixworthy38@addtoany.com,Female,156.139.34.119
118,Antonetta,Melville,amelville39@theglobeandmail.com,Female,63.146.11.106
119,Estel,Fright,efright3a@behance.net,Female,135.142.155.74
120,Erwin,Kirvell,ekirvell3b@irs.gov,Male,107.11.206.49
121,Florenza,Welden,fwelden3c@time.com,Female,9.9.63.233
122,Michal,Ringham,mringham3d@wordpress.org,Female,13.93.55.38
123,Monika,Hovenden,mhovenden3e@unblog.fr,Female,70.136.230.164
124,Wally,Novak,wnovak3f@list-manage.com,Male,81.95.249.239
125,Milicent,Eyeington,meyeington3g@xrea.com,Female,3.45.21.195
126,Tris,Eldershaw,teldershaw3h@ibm.com,Male,62.178.60.148
127,Vaughan,Axtens,vaxtens3i@home.pl,Male,230.139.24.247
128,Dominique,Cantos,dcantos3j@mapy.cz,Female,150.160.255.173
129,Artie,Doyle,adoyle3k@phpbb.com,Male,107.46.6.75
130,Marybelle,Jorissen,mjorissen3l@cnbc.com,Female,86.96.238.57
131,Corissa,Dymidowicz,cdymidowicz3m@wix.com,Female,190.229.225.12
132,Damiano,Gorrick,dgorrick3n@narod.ru,Male,111.13.58.32
133,Lionel,Teasdale,lteasdale3o@paginegialle.it,Male,96.10.72.1
134,Arvie,Skally,askally3p@usda.gov,Male,177.128.137.54
135,Bonny,Viger,bviger3q@gnu.org,Female,103.189.61.227
136,Nady,Ajam,najam3r@ning.com,Female,129.185.193.39
137,Wilmar,Whatman,wwhatman3s@adobe.com,Male,178.200.203.60
138,Arch,Maddocks,amaddocks3t@loc.gov,Male,146.178.56.153
139,Austina,Brompton,abrompton3u@facebook.com,Female,45.238.247.27
140,Phillipe,Trever,ptrever3v@ebay.com,Male,182.198.73.108
141,Eduino,Shilburne,eshilburne3w@businesswire.com,Male,239.234.55.251
142,Yvonne,Canero,ycanero3x@istockphoto.com,Female,168.6.16.108
143,Rolf,Piggin,rpiggin3y@biblegateway.com,Male,215.117.93.38
144,Crawford,Dmtrovic,cdmtrovic3z@tumblr.com,Male,171.88.31.141
145,Rosabelle,Kilmary,rkilmary40@reference.com,Female,16.186.41.227
146,Maribel,Denisevich,mdenisevich41@oaic.gov.au,Female,166.162.114.2
147,Felice,Domokos,fdomokos42@ameblo.jp,Male,111.53.190.40
148,Kriste,Klaaasen,kklaaasen43@geocities.jp,Female,220.44.191.11
149,Tore,Delf,tdelf44@deliciousdays.com,Male,184.183.61.231
150,Nora,Asson,nasson45@illinois.edu,Female,71.4.216.243
151,Sawyere,McGriffin,smcgriffin46@desdev.cn,Male,70.78.191.188
152,Jeniffer,Handaside,jhandaside47@csmonitor.com,Female,18.112.191.53
153,Bellanca,Wiper,bwiper48@google.com.hk,Female,145.132.144.234
154,Olag,Padginton,opadginton49@typepad.com,Male,86.113.34.248
155,Tiffany,Sherborne,tsherborne4a@flavors.me,Female,164.249.158.50
156,Jeniece,Woodley,jwoodley4b@accuweather.com,Female,180.21.245.15
157,Lloyd,Gomersall,lgomersall4c@wufoo.com,Male,56.215.163.165
158,Shawn,Kroger,skroger4d@washingtonpost.com,Female,153.116.115.141
159,Eleen,Fleay,efleay4e@feedburner.com,Female,118.198.39.189
160,Nola,Blose,nblose4f@census.gov,Female,188.32.237.189
161,Daren,Fort,dfort4g@mediafire.com,Male,74.97.168.69
162,Rayshell,Piet,rpiet4h@amazon.co.uk,Female,92.181.132.55
163,Marijn,Stygall,mstygall4i@wunderground.com,Male,212.213.211.201
164,Filip,Wyllt,fwyllt4j@photobucket.com,Male,39.188.93.170
165,Julio,Martlew,jmartlew4k@engadget.com,Male,210.182.41.142
166,Ado,Nickolls,anickolls4l@networkadvertising.org,Male,160.197.24.14
167,Bjorn,Clutterbuck,bclutterbuck4m@theguardian.com,Male,102.103.3.83
168,Marcel,Aronow,maronow4n@over-blog.com,Male,37.165.148.227
169,Izzy,Sillito,isillito4o@indiegogo.com,Male,174.20.232.15
170,Thorin,McCathie,tmccathie4p@yale.edu,Male,161.69.195.130
171,Bone,Wheater,bwheater4q@businesswire.com,Male,52.187.218.65
172,Yard,Frill,yfrill4r@prlog.org,Male,25.62.79.39
173,Germayne,Brundill,gbrundill4s@squarespace.com,Male,52.186.94.53
174,Garrik,Madgwich,gmadgwich4t@mtv.com,Male,107.214.132.64
175,Reade,Merrgan,rmerrgan4u@squidoo.com,Male,43.21.134.243
176,Haley,Saban,hsaban4v@goo.gl,Male,18.191.98.236
177,Ardine,Dawidowitsch,adawidowitsch4w@aboutads.info,Female,227.98.100.86
178,Randal,Tippett,rtippett4x@vinaora.com,Male,10.10.29.111
179,Weylin,Winley,wwinley4y@ibm.com,Male,66.7.245.102
180,Griff,Eick,geick4z@zdnet.com,Male,107.204.243.235
181,Charo,Pressnell,cpressnell50@amazonaws.com,Female,3.109.255.146
182,Bartram,Trebble,btrebble51@i2i.jp,Male,33.59.226.192
183,Derwin,Sleigh,dsleigh52@mozilla.com,Male,136.92.210.23
184,Amelia,Calderbank,acalderbank53@oracle.com,Female,217.239.70.2
185,Harbert,Biermatowicz,hbiermatowicz54@about.me,Male,200.79.177.94
186,Neils,Gretton,ngretton55@studiopress.com,Male,72.122.107.90
187,Tyson,Stollsteiner,tstollsteiner56@cocolog-nifty.com,Male,231.234.235.26
188,Anders,Bortolussi,abortolussi57@netvibes.com,Male,126.241.105.84
189,Bruis,Dowrey,bdowrey58@ca.gov,Male,57.62.96.125
190,Noell,Gurney,ngurney59@sphinn.com,Female,151.218.229.25
191,Gerhardt,McEnteggart,gmcenteggart5a@washingtonpost.com,Male,182.213.77.80
192,Wini,Esmead,wesmead5b@amazon.com,Female,78.165.50.55
193,Louisa,Treeby,ltreeby5c@trellian.com,Female,193.68.12.228
194,Skell,Pimlett,spimlett5d@mail.ru,Male,89.106.36.217
195,Ame,Offiler,aoffiler5e@symantec.com,Female,175.166.156.218
196,Richard,Bare,rbare5f@histats.com,Male,247.183.205.221
197,Kellie,Patria,kpatria5g@networksolutions.com,Female,250.3.105.93
198,Norbie,Gramer,ngramer5h@mac.com,Male,65.21.187.122
199,Francis,Constanza,fconstanza5i@miitbeian.gov.cn,Male,86.1.174.59
200,Vivien,Graysmark,vgraysmark5j@weebly.com,Female,158.216.20.185
201,Marcille,Paunsford,mpaunsford5k@admin.ch,Female,160.12.169.108
202,Goddard,Marlowe,gmarlowe5l@mail.ru,Male,18.71.142.22
203,Maryjo,Petris,mpetris5m@wunderground.com,Female,125.66.82.176
204,Jerrie,Doddemeede,jdoddemeede5n@oracle.com,Female,73.232.66.142
205,Licha,Goulter,lgoulter5o@discuz.net,Female,120.88.20.229
206,Fay,Vennart,fvennart5p@over-blog.com,Female,57.16.90.124
207,Mignonne,Nobriga,mnobriga5q@jiathis.com,Female,173.84.119.93
208,Noll,Geerdts,ngeerdts5r@facebook.com,Male,180.59.29.68
209,Bendick,Keune,bkeune5s@businessweek.com,Male,3.230.181.49
210,Olivie,Hartegan,ohartegan5t@indiatimes.com,Female,21.157.13.241
211,Winston,Tawn,wtawn5u@salon.com,Male,182.84.57.55
212,Janine,Moorhead,jmoorhead5v@cnn.com,Female,3.14.157.58
213,Camilla,Tilliards,ctilliards5w@tinypic.com,Female,75.127.20.158
214,Bancroft,Charrington,bcharrington5x@dot.gov,Male,239.44.251.5
215,Rollin,Camber,rcamber5y@nydailynews.com,Male,238.179.111.34
216,Christin,Feitosa,cfeitosa5z@ask.com,Female,128.97.136.206
217,Noland,Elsworth,nelsworth60@so-net.ne.jp,Male,195.236.195.105
218,Torre,Coyett,tcoyett61@cyberchimps.com,Male,17.53.192.179
219,Merissa,Geeraert,mgeeraert62@nhs.uk,Female,67.160.16.158
220,Caril,Clever,cclever63@baidu.com,Female,78.57.232.95
221,Henriette,Laurenz,hlaurenz64@weebly.com,Female,129.55.32.17
222,Yehudit,MacTeggart,ymacteggart65@spiegel.de,Male,89.210.149.29
223,Artair,Radoux,aradoux66@vk.com,Male,150.44.166.51
224,Alana,Pinnigar,apinnigar67@ehow.com,Female,165.12.207.27
225,Liesa,Dingate,ldingate68@virginia.edu,Female,160.129.13.110
226,Dredi,Franck,dfranck69@4shared.com,Female,95.229.81.222
227,Phillip,Kerins,pkerins6a@senate.gov,Male,211.46.1.24
228,Selina,Kilmaster,skilmaster6b@fc2.com,Female,242.131.151.101
229,Meredithe,Gianetti,mgianetti6c@digg.com,Female,174.200.42.191
230,Armstrong,Turbill,aturbill6d@printfriendly.com,Male,219.110.159.158
231,Veronica,Bachanski,vbachanski6e@tuttocitta.it,Female,235.192.157.116
232,Grayce,Peregrine,gperegrine6f@yellowbook.com,Female,205.234.39.215
233,Orsola,Bartosch,obartosch6g@huffingtonpost.com,Female,138.131.186.249
234,Kay,Thurlby,kthurlby6h@goodreads.com,Female,12.124.39.253
235,Nichol,Pasmore,npasmore6i@baidu.com,Female,43.60.17.49
236,Durante,Peirce,dpeirce6j@quantcast.com,Male,189.0.4.204
237,Tomkin,Farr,tfarr6k@amazon.co.jp,Male,36.196.227.68
238,Rodney,Billborough,rbillborough6l@google.co.uk,Male,133.81.46.143
239,Cristabel,Gowing,cgowing6m@dropbox.com,Female,45.87.206.140
240,Renata,Millican,rmillican6n@google.com.br,Female,102.26.124.200
241,Penelopa,Bromby,pbromby6o@domainmarket.com,Female,93.19.205.165
242,Cara,Solano,csolano6p@flavors.me,Female,131.201.97.214
243,Darryl,Gripton,dgripton6q@homestead.com,Female,225.231.188.175
244,Katlin,Siggens,ksiggens6r@opera.com,Female,87.97.183.50
245,Stuart,Whistance,swhistance6s@adobe.com,Male,86.179.245.194
246,Tristan,Mathewson,tmathewson6t@php.net,Male,200.189.128.93
247,Halette,De Beauchamp,hdebeauchamp6u@yellowbook.com,Female,170.196.211.1
248,Anderea,Walley,awalley6v@slashdot.org,Female,50.81.86.195
249,Lizabeth,Baumer,lbaumer6w@bizjournals.com,Female,33.39.23.120
250,Solly,Hadlee,shadlee6x@dyndns.org,Male,161.220.242.83
251,Letta,Bartolomeoni,lbartolomeoni6y@comsenz.com,Female,228.93.24.252
252,Gertrudis,Cloonan,gcloonan6z@guardian.co.uk,Female,173.60.49.215
253,Lynna,Dufaire,ldufaire70@ycombinator.com,Female,171.12.215.244
254,Wanda,Folley,wfolley71@gmpg.org,Female,135.196.141.80
255,Welbie,Gadsby,wgadsby72@netlog.com,Male,116.221.85.92
256,Merry,Sherrett,msherrett73@dot.gov,Male,99.0.123.150
257,Devon,Tukesby,dtukesby74@yahoo.com,Female,107.5.65.72
258,Marylee,Blackway,mblackway75@deviantart.com,Female,123.83.153.189
259,Alma,Maunder,amaunder76@zimbio.com,Female,229.235.119.243
260,Charlie,Ghidelli,cghidelli77@networkadvertising.org,Male,134.109.123.148
261,Gaston,Accomb,gaccomb78@dion.ne.jp,Male,170.178.147.48
262,Leontyne,Ebbitt,lebbitt79@cdc.gov,Female,197.227.88.63
263,Grange,Garlic,ggarlic7a@tinyurl.com,Male,78.207.102.60
264,Hyacinth,Primmer,hprimmer7b@marketwatch.com,Female,138.122.62.60
265,Sherlocke,Duckerin,sduckerin7c@vinaora.com,Male,1.187.48.180
266,Coleman,Charteris,ccharteris7d@shutterfly.com,Male,137.103.62.251
267,Nessa,Matyushenko,nmatyushenko7e@comcast.net,Female,159.121.2.177
268,Brendon,Rupke,brupke7f@youtu.be,Male,201.206.170.255
269,Agneta,Verrechia,averrechia7g@foxnews.com,Female,29.166.80.254
270,Marc,Eckels,meckels7h@networksolutions.com,Male,167.213.105.198
271,Franklin,Urry,furry7i@slideshare.net,Male,136.113.157.101
272,Mignon,Barrus,mbarrus7j@sohu.com,Female,233.114.52.225
273,Kipp,Nelane,knelane7k@yelp.com,Female,83.67.55.77
274,Noell,Winram,nwinram7l@topsy.com,Female,250.87.80.118
275,Haley,Acey,hacey7m@wiley.com,Male,218.192.236.117
276,Marmaduke,Shoppee,mshoppee7n@ask.com,Male,13.18.80.81
277,Markos,Cradoc,mcradoc7o@amazon.co.jp,Male,227.208.13.72
278,Regan,Jacquemot,rjacquemot7p@nationalgeographic.com,Male,73.209.80.163
279,Jeni,Matissoff,jmatissoff7q@microsoft.com,Female,216.45.203.217
280,Hercule,Brozsset,hbrozsset7r@live.com,Male,44.60.177.87
281,Rivalee,Sutherns,rsutherns7s@ask.com,Female,186.67.188.238
282,Brittaney,Medforth,bmedforth7t@wikimedia.org,Female,236.37.91.135
283,Bert,Gelly,bgelly7u@technorati.com,Female,243.186.70.80
284,Tim,Rabidge,trabidge7v@google.com.hk,Female,75.14.117.170
285,Viv,Ortler,vortler7w@studiopress.com,Female,242.162.191.121
286,Alane,Beaby,abeaby7x@japanpost.jp,Female,78.193.110.162
287,Jonah,Seedull,jseedull7y@phpbb.com,Male,181.184.21.230
288,Holli,Tricker,htricker7z@omniture.com,Female,93.142.176.129
289,Yankee,Richard,yrichard80@elpais.com,Male,143.209.116.172
290,Michelina,Sleney,msleney81@eepurl.com,Female,79.242.8.254
291,Babara,Iacobini,biacobini82@google.nl,Female,219.153.80.76
292,Vasilis,Witterick,vwitterick83@marketwatch.com,Male,7.153.0.188
293,Doro,Rubinsaft,drubinsaft84@wikipedia.org,Female,1.87.5.186
294,Latrina,Hlavac,lhlavac85@newyorker.com,Female,77.168.128.79
295,Genvieve,Lanceter,glanceter86@mashable.com,Female,119.126.178.107
296,Berta,Balharry,bbalharry87@nbcnews.com,Female,67.104.160.44
297,Tallie,Pagen,tpagen88@a8.net,Male,223.142.57.214
298,Harriott,Baggally,hbaggally89@amazon.co.jp,Female,239.242.136.115
299,Jonis,Scroggins,jscroggins8a@kickstarter.com,Female,3.20.48.14
300,Griffin,McIlwrath,gmcilwrath8b@360.cn,Male,227.52.29.19
301,Florry,Benit,fbenit8c@bbb.org,Female,6.72.77.132
302,Quent,Frantzen,qfrantzen8d@amazon.de,Male,7.57.183.187
303,Ginger,Shower,gshower8e@jalbum.net,Female,9.108.114.216
304,Lorant,Hiner,lhiner8f@unesco.org,Male,236.42.235.81
305,Hunfredo,Dowse,hdowse8g@creativecommons.org,Male,230.125.219.22
306,Griz,Gawn,ggawn8h@google.com.au,Male,167.236.15.29
307,Dynah,Alyokhin,dalyokhin8i@unesco.org,Female,117.200.8.30
308,Page,Nathan,pnathan8j@princeton.edu,Male,10.18.233.135
309,Dani,Gottschalk,dgottschalk8k@shutterfly.com,Male,241.229.136.127
310,Christine,Perkinson,cperkinson8l@seesaa.net,Female,142.153.112.225
311,Robin,Breen,rbreen8m@angelfire.com,Male,138.151.27.133
312,Cross,Giffen,cgiffen8n@devhub.com,Male,172.77.132.58
313,Kenn,Bromilow,kbromilow8o@cafepress.com,Male,106.150.47.211
314,Gayle,Gerritzen,ggerritzen8p@liveinternet.ru,Male,29.85.36.173
315,Charmion,Woolpert,cwoolpert8q@newsvine.com,Female,6.163.35.253
316,Willie,Hazeup,whazeup8r@telegraph.co.uk,Female,148.164.119.216
317,Giavani,Earthfield,gearthfield8s@nih.gov,Male,251.166.134.138
318,Lanie,MacAleese,lmacaleese8t@thetimes.co.uk,Female,216.84.100.246
319,Stefa,Chinery,schinery8u@sun.com,Female,144.39.10.229
320,Hettie,Cockroft,hcockroft8v@webnode.com,Female,9.196.57.154
321,Rudolfo,Sowley,rsowley8w@narod.ru,Male,32.50.130.212
322,Dian,MacCard,dmaccard8x@chronoengine.com,Female,116.192.47.148
323,Mufi,Dows,mdows8y@gravatar.com,Female,105.210.189.27
324,Stevana,Bimson,sbimson8z@smh.com.au,Female,189.143.25.94
325,Leona,Von Welden,lvonwelden90@hatena.ne.jp,Female,53.137.27.32
326,Josephina,Vivyan,jvivyan91@mac.com,Female,76.13.238.21
327,Flore,Devaney,fdevaney92@123-reg.co.uk,Female,6.155.13.30
328,Donni,Keen,dkeen93@imgur.com,Female,182.18.200.138
329,Klement,Redwin,kredwin94@cnbc.com,Male,53.172.33.27
330,Isidor,Ulyet,iulyet95@mlb.com,Male,254.36.253.240
331,Hilario,Matiebe,hmatiebe96@networkadvertising.org,Male,5.222.203.2
332,Tanhya,Mattaus,tmattaus97@squarespace.com,Female,38.254.207.11
333,Jesse,Leaton,jleaton98@nsw.gov.au,Female,112.211.237.213
334,Fern,Pieter,fpieter99@instagram.com,Female,122.226.24.12
335,Annadiana,Machin,amachin9a@phoca.cz,Female,233.13.219.222
336,Ariela,Quilliam,aquilliam9b@opera.com,Female,113.61.253.82
337,Fabien,Philippard,fphilippard9c@w3.org,Male,172.195.33.238
338,Dolph,Eplate,deplate9d@plala.or.jp,Male,111.50.8.159
339,Sybil,Tocqueville,stocqueville9e@mozilla.com,Female,131.131.165.83
340,Joel,Quarrington,jquarrington9f@surveymonkey.com,Male,73.55.14.100
341,Wayland,Hurleston,whurleston9g@imageshack.us,Male,83.232.67.32
342,Pen,Scotting,pscotting9h@vistaprint.com,Male,139.220.63.178
343,Orsola,Gorries,ogorries9i@taobao.com,Female,163.174.47.226
344,Idaline,Antic,iantic9j@sogou.com,Female,34.202.254.56
345,Madelaine,Jodlowski,mjodlowski9k@google.com.hk,Female,120.171.231.64
346,Frayda,Imlock,fimlock9l@loc.gov,Female,80.96.233.237
347,Ardis,Pounsett,apounsett9m@sun.com,Female,33.147.71.232
348,Magdalene,Garshore,mgarshore9n@google.ru,Female,147.186.198.8
349,Jessamine,Coatman,jcoatman9o@blogs.com,Female,106.17.107.153
350,Starr,Ranscomb,sranscomb9p@stanford.edu,Female,30.139.213.103
351,Wilden,Rudolfer,wrudolfer9q@bing.com,Male,71.29.226.53
352,Jocko,Pyford,jpyford9r@homestead.com,Male,154.212.187.66
353,Faina,Morriarty,fmorriarty9s@wufoo.com,Female,123.33.233.167
354,Aleta,Connichie,aconnichie9t@state.tx.us,Female,54.69.101.103
355,Candra,Proswell,cproswell9u@cbc.ca,Female,64.74.100.26
356,Ardelia,Salvatore,asalvatore9v@prweb.com,Female,10.129.52.81
357,Lauryn,Allawy,lallawy9w@behance.net,Female,7.96.43.47
358,Gusti,Wrinch,gwrinch9x@geocities.jp,Female,107.16.169.99
359,Martie,Catcheside,mcatcheside9y@360.cn,Female,5.178.21.114
360,Hansiain,Discombe,hdiscombe9z@seesaa.net,Male,200.59.36.156
361,Shayne,Wylam,swylama0@zimbio.com,Female,199.58.230.32
362,Howie,MacClinton,hmacclintona1@weibo.com,Male,154.47.186.214
363,Sasha,Rist,srista2@hp.com,Male,213.102.205.174
364,Sam,Lowdyane,slowdyanea3@xrea.com,Male,139.41.135.220
365,Tull,Farren,tfarrena4@vinaora.com,Male,65.146.27.144
366,Prinz,Flaune,pflaunea5@jimdo.com,Male,17.199.199.22
367,Tiffani,Segebrecht,tsegebrechta6@rediff.com,Female,159.181.65.245
368,Deloris,Threadgall,dthreadgalla7@wired.com,Female,149.245.93.84
369,Joby,Roussell,jroussella8@earthlink.net,Female,215.94.230.182
370,Valeria,Strathman,vstrathmana9@economist.com,Female,230.102.96.157
371,Delinda,Holliar,dholliaraa@tuttocitta.it,Female,138.3.159.135
372,Devan,Noury,dnouryab@weebly.com,Female,180.223.69.24
373,Dick,Grzelak,dgrzelakac@google.nl,Male,215.151.69.241
374,Karena,Happel,khappelad@ibm.com,Female,109.189.229.216
375,Fonz,Toy,ftoyae@g.co,Male,178.14.11.8
376,Elia,Armitt,earmittaf@google.co.uk,Male,197.122.38.88
377,Julian,Paddefield,jpaddefieldag@pinterest.com,Male,18.178.117.225
378,Sherman,Chafney,schafneyah@kickstarter.com,Male,205.105.144.198
379,Melba,De Giorgio,mdegiorgioai@accuweather.com,Female,205.233.205.131
380,Tony,Forsdyke,tforsdykeaj@statcounter.com,Female,48.245.244.66
381,Sayres,Blanckley,sblanckleyak@eventbrite.com,Male,207.87.19.179
382,Gerome,Krink,gkrinkal@hatena.ne.jp,Male,227.185.90.208
383,Roberta,Edscer,redsceram@noaa.gov,Female,190.123.161.93
384,Shalom,Santry,ssantryan@bloomberg.com,Male,147.81.12.57
385,Roman,Rawcliffe,rrawcliffeao@desdev.cn,Male,224.26.234.98
386,Julie,McKyrrelly,jmckyrrellyap@symantec.com,Male,124.190.153.24
387,Vanni,Brompton,vbromptonaq@mac.com,Female,120.184.229.243
388,Tamar,Stairs,tstairsar@java.com,Female,44.32.146.163
389,Raven,Burnand,rburnandas@clickbank.net,Female,20.100.23.89
390,Lin,Warren,lwarrenat@senate.gov,Female,231.152.73.39
391,Robbert,Galbreath,rgalbreathau@admin.ch,Male,255.66.14.134
392,Edeline,Massimi,emassimiav@themeforest.net,Female,132.59.72.118
393,Dean,Courtliff,dcourtliffaw@163.com,Male,75.166.190.10
394,Alysia,Bagniuk,abagniukax@goo.gl,Female,244.83.104.202
395,Halette,Amorine,hamorineay@shinystat.com,Female,62.169.165.174
396,Irena,Groundwater,igroundwateraz@apache.org,Female,236.236.223.152
397,Byrom,Cotilard,bcotilardb0@bluehost.com,Male,140.31.49.91
398,Fiann,Preuvost,fpreuvostb1@ted.com,Female,99.211.28.150
399,Theresina,Macklam,tmacklamb2@adobe.com,Female,239.232.142.181
400,Garvin,Yanuk,gyanukb3@example.com,Male,235.207.213.78
401,Rita,Wixey,rwixeyb4@tripod.com,Female,126.221.200.17
402,Bobinette,Worling,bworlingb5@xrea.com,Female,32.190.20.54
403,Ronni,Tombleson,rtomblesonb6@slideshare.net,Female,163.215.202.15
404,Sutherland,Ruffler,srufflerb7@weibo.com,Male,71.30.255.65
405,Dorie,D'Aeth,ddaethb8@mlb.com,Male,78.38.64.63
406,Jabez,Hambly,jhamblyb9@army.mil,Male,171.28.50.199
407,Hort,Batters,hbattersba@toplist.cz,Male,34.6.252.54
408,Nonnah,O'Hallihane,nohallihanebb@etsy.com,Female,113.169.14.62
409,Bliss,Brandes,bbrandesbc@yahoo.com,Female,103.59.136.79
410,Shalne,Bruhnsen,sbruhnsenbd@businessinsider.com,Female,10.11.3.99
411,Atlante,Valsler,avalslerbe@miibeian.gov.cn,Female,215.141.100.130
412,Leticia,Batkin,lbatkinbf@nytimes.com,Female,21.121.79.227
413,Elliot,Mewis,emewisbg@behance.net,Male,127.72.206.4
414,Garrard,Crocetto,gcrocettobh@examiner.com,Male,249.89.146.157
415,Risa,Haughian,rhaughianbi@engadget.com,Female,83.212.208.12
416,Quill,Emmert,qemmertbj@mapquest.com,Male,104.80.248.35
417,Grange,Asipenko,gasipenkobk@imageshack.us,Male,208.64.106.163
418,Tiffi,Goodayle,tgoodaylebl@yahoo.com,Female,195.81.115.169
419,Vivyan,Jirick,vjirickbm@bizjournals.com,Female,27.67.61.188
420,Kelsey,McLaggan,kmclagganbn@amazon.co.jp,Female,172.28.206.185
421,Myrtle,Darrington,mdarringtonbo@weather.com,Female,217.178.126.191
422,Rici,Deroche,rderochebp@newyorker.com,Female,6.104.185.72
423,Salli,Berni,sbernibq@boston.com,Female,221.81.2.45
424,Corina,Drakard,cdrakardbr@deviantart.com,Female,7.240.150.46
425,Ennis,Croizier,ecroizierbs@unc.edu,Male,134.72.113.179
426,Hershel,Leppingwell,hleppingwellbt@macromedia.com,Male,198.184.250.178
427,Patrice,MacKeig,pmackeigbu@4shared.com,Female,11.162.224.47
428,Bryon,Birtles,bbirtlesbv@nifty.com,Male,51.28.138.229
429,Brandtr,Priddy,bpriddybw@smh.com.au,Male,164.94.62.201
430,Lilia,Tomblett,ltomblettbx@guardian.co.uk,Female,138.144.51.247
431,Oberon,Biscomb,obiscombby@europa.eu,Male,134.123.253.172
432,Brandi,Draye,bdrayebz@earthlink.net,Female,40.53.45.111
433,Alyda,Orans,aoransc0@multiply.com,Female,223.238.113.149
434,Christos,Wych,cwychc1@howstuffworks.com,Male,110.79.152.158
435,Doria,Sterry,dsterryc2@google.com.br,Female,196.108.83.8
436,Delores,Gilliat,dgilliatc3@woothemes.com,Female,20.28.85.106
437,Eloisa,Plewman,eplewmanc4@ow.ly,Female,189.24.168.82
438,Dill,Boshers,dboshersc5@hubpages.com,Male,194.153.103.139
439,Forrester,Baumadier,fbaumadierc6@addtoany.com,Male,56.62.216.180
440,Garrick,Bisset,gbissetc7@google.co.uk,Male,149.195.210.165
441,Alfreda,Pote,apotec8@tumblr.com,Female,165.27.28.32
442,Shirlee,O'Dare,sodarec9@gov.uk,Female,19.193.154.1
443,Baird,Mcmanaman,bmcmanamanca@wordpress.com,Male,106.15.19.54
444,Urbanus,Scholard,uscholardcb@fotki.com,Male,120.24.105.120
445,Tome,Rivelon,triveloncc@nifty.com,Male,24.179.93.129
446,Daniele,Luttger,dluttgercd@godaddy.com,Female,182.6.78.28
447,Cull,Pllu,cplluce@japanpost.jp,Male,39.42.123.230
448,Ewell,Chellam,echellamcf@un.org,Male,197.95.215.170
449,Jory,Dooler,jdoolercg@imageshack.us,Male,19.173.212.19
450,Rowland,Howen,rhowench@dropbox.com,Male,22.119.201.35
451,Curt,Spurgeon,cspurgeonci@addtoany.com,Male,86.180.192.121
452,Carrissa,Chattoe,cchattoecj@jalbum.net,Female,230.91.250.253
453,Merwin,Rickerby,mrickerbyck@imageshack.us,Male,122.73.108.95
454,Fawnia,McBeth,fmcbethcl@mayoclinic.com,Female,10.65.190.95
455,Bogart,Ridler,bridlercm@pbs.org,Male,184.93.75.72
456,Zachary,Tomisch,ztomischcn@twitter.com,Male,195.63.169.12
457,Justinn,Playford,jplayfordco@irs.gov,Female,4.224.217.119
458,Lolita,Wardingley,lwardingleycp@mtv.com,Female,71.163.228.66
459,Madeleine,Ovens,movenscq@jugem.jp,Female,176.67.199.10
460,Vic,Skace,vskacecr@simplemachines.org,Male,53.203.70.136
461,Bradan,McAlees,bmcaleescs@cdc.gov,Male,220.151.244.107
462,Gavra,Greveson,ggrevesonct@smh.com.au,Female,129.76.63.74
463,Bryana,Aggis,baggiscu@w3.org,Female,250.29.99.177
464,Ariela,Jennison,ajennisoncv@answers.com,Female,247.34.232.89
465,Maje,Aylmore,maylmorecw@hugedomains.com,Male,207.55.70.213
466,Karry,Nayer,knayercx@t.co,Female,218.202.53.113
467,Aline,Edison,aedisoncy@chicagotribune.com,Female,250.176.193.80
468,Halley,Nary,hnarycz@kickstarter.com,Female,172.17.15.49
469,Aveline,Fossick,afossickd0@elpais.com,Female,150.242.78.94
470,Lula,Coy,lcoyd1@reference.com,Female,43.244.31.184
471,Martynne,Wrey,mwreyd2@miibeian.gov.cn,Female,146.1.2.2
472,Ardith,Wrennall,awrennalld3@artisteer.com,Female,111.45.121.53
473,Anatole,Rollitt,arollittd4@sitemeter.com,Male,69.8.187.30
474,Augie,Kenworthy,akenworthyd5@google.it,Male,31.171.144.85
475,Madelyn,Balducci,mbalduccid6@blogs.com,Female,174.154.149.38
476,Wendy,Oventon,woventond7@list-manage.com,Female,3.194.117.168
477,Denys,Spilsted,dspilstedd8@4shared.com,Male,68.68.178.9
478,Demetra,de Guerre,ddeguerred9@chron.com,Female,235.167.130.119
479,Dannye,Ovell,dovellda@prlog.org,Female,93.117.51.4
480,Spenser,Dobbyn,sdobbyndb@latimes.com,Male,129.71.128.196
481,Cesar,Fenech,cfenechdc@squidoo.com,Male,174.227.14.0
482,Johnny,Pickerin,jpickerindd@cmu.edu,Male,6.234.88.203
483,Barby,Guilloneau,bguilloneaude@scientificamerican.com,Female,110.167.202.218
484,Kristel,Ortas,kortasdf@google.es,Female,199.66.60.201
485,Elias,Bulbeck,ebulbeckdg@whitehouse.gov,Male,142.70.233.229
486,Iormina,Kose,ikosedh@newyorker.com,Female,229.32.123.23
487,Fanchette,Brognot,fbrognotdi@elegantthemes.com,Female,0.108.134.109
488,Kermy,Fatharly,kfatharlydj@time.com,Male,87.255.184.73
489,Christi,Rump,crumpdk@sitemeter.com,Female,152.248.89.106
490,Maynard,Di Biagio,mdibiagiodl@virginia.edu,Male,44.254.135.6
491,Caspar,Garken,cgarkendm@ucsd.edu,Male,142.155.142.182
492,Carree,Dubble,cdubbledn@jigsy.com,Female,72.206.136.71
493,Redd,Koschke,rkoschkedo@ovh.net,Male,237.215.81.169
494,Kaiser,Hewes,khewesdp@webmd.com,Male,74.56.101.221
495,Nikola,Brounfield,nbrounfielddq@java.com,Male,111.43.211.115
496,Robers,Lurcock,rlurcockdr@army.mil,Male,72.15.224.65
497,Gail,Huckin,ghuckinds@china.com.cn,Male,78.66.190.48
498,Teddy,Staunton,tstauntondt@nifty.com,Male,33.146.91.149
499,Alene,Haymes,ahaymesdu@addthis.com,Female,35.69.250.32
500,Zarah,Dailly,zdaillydv@pagesperso-orange.fr,Female,83.36.193.48
501,Kassia,Fudger,kfudgerdw@imageshack.us,Female,246.14.149.134
502,Letti,Gyford,lgyforddx@skyrock.com,Female,181.188.241.100
503,Corenda,Kyngdon,ckyngdondy@woothemes.com,Female,251.122.15.180
504,Mil,Vockins,mvockinsdz@ow.ly,Female,154.49.144.165
505,Ilaire,Rubberts,irubbertse0@shutterfly.com,Male,229.39.132.14
506,Babbie,Clipston,bclipstone1@lycos.com,Female,74.147.36.103
507,Erinn,Mayou,emayoue2@51.la,Female,187.11.243.17
508,Marji,Allawy,mallawye3@cargocollective.com,Female,37.228.134.227
509,Thaxter,Levett,tlevette4@yolasite.com,Male,61.43.39.10
510,Julianne,Simoncello,jsimoncelloe5@aboutads.info,Female,203.42.1.18
511,Bat,Bulman,bbulmane6@biglobe.ne.jp,Male,217.239.46.77
512,Rozamond,Follit,rfollite7@mtv.com,Female,225.116.184.160
513,Sonni,Edy,sedye8@howstuffworks.com,Female,112.67.72.189
514,Iris,Colaco,icolacoe9@japanpost.jp,Female,93.55.205.98
515,Kelley,McKendry,kmckendryea@icq.com,Male,120.14.27.251
516,Maryanne,Hansel,mhanseleb@about.me,Female,112.9.220.171
517,Becky,Daffey,bdaffeyec@com.com,Female,247.142.42.100
518,Gilda,Kingwell,gkingwelled@mit.edu,Female,80.226.245.149
519,Amata,Bonny,abonnyee@diigo.com,Female,249.15.190.91
520,Giffy,Iannitti,giannittief@cloudflare.com,Male,118.215.164.95
521,Koralle,Skurm,kskurmeg@ebay.co.uk,Female,252.162.114.148
522,Thomasa,Rozanski,trozanskieh@amazon.co.jp,Female,177.194.3.49
523,Pernell,Norkutt,pnorkuttei@nhs.uk,Male,101.94.60.100
524,Honoria,Dennison,hdennisonej@simplemachines.org,Female,178.251.208.54
525,Avram,Slowley,aslowleyek@mapquest.com,Male,65.219.30.190
526,Chelsie,Blacket,cblacketel@imageshack.us,Female,79.159.232.97
527,Gregory,Gunbie,ggunbieem@hao123.com,Male,90.140.8.38
528,Bern,Brumfield,bbrumfielden@furl.net,Male,199.205.187.7
529,Riva,Badder,rbaddereo@si.edu,Female,43.8.250.112
530,Constantin,Davidge,cdavidgeep@odnoklassniki.ru,Male,81.172.91.171
531,Joannes,Willimont,jwillimonteq@adobe.com,Female,211.233.16.66
532,Deanne,Curro,dcurroer@dmoz.org,Female,171.88.108.109
533,Erminia,Jessup,ejessupes@ezinearticles.com,Female,168.18.202.38
534,Avigdor,Engledow,aengledowet@aboutads.info,Male,193.190.144.96
535,Julita,Elleyne,jelleyneeu@constantcontact.com,Female,213.82.118.125
536,Abbi,Stace,astaceev@slashdot.org,Female,54.197.100.118
537,Lamond,Nelthrop,lnelthropew@noaa.gov,Male,24.45.46.164
538,Daria,Matula,dmatulaex@cmu.edu,Female,212.194.135.67
539,Morie,Hoffmann,mhoffmanney@oaic.gov.au,Male,227.9.56.193
540,Noelyn,Patriskson,npatrisksonez@alexa.com,Female,232.212.0.26
541,Jerry,McCheyne,jmccheynef0@netlog.com,Male,118.47.79.116
542,Vincenz,Bloggett,vbloggettf1@weibo.com,Male,155.71.159.56
543,Terrence,Ladson,tladsonf2@cdbaby.com,Male,26.93.71.189
544,Breena,Di Biagi,bdibiagif3@macromedia.com,Female,21.67.4.16
545,Dorolice,Ugoni,dugonif4@hostgator.com,Female,30.15.126.244
546,Ossie,Fortoun,ofortounf5@livejournal.com,Male,79.251.168.49
547,Drud,Bater,dbaterf6@arizona.edu,Male,73.130.183.207
548,Brandyn,Cogan,bcoganf7@furl.net,Male,14.1.52.72
549,Henri,Elleray,hellerayf8@google.co.uk,Male,147.180.12.190
550,Antonietta,Hinckes,ahinckesf9@yellowbook.com,Female,156.230.128.222
551,Editha,Huertas,ehuertasfa@blogs.com,Female,180.117.43.80
552,Violet,McErlaine,vmcerlainefb@disqus.com,Female,134.206.183.53
553,Anders,Huggon,ahuggonfc@fc2.com,Male,153.3.3.21
554,Coralie,Elliott,celliottfd@mac.com,Female,234.156.130.167
555,Linn,Dietz,ldietzfe@sciencedaily.com,Male,227.54.1.35
556,Franciskus,Knoles,fknolesff@wunderground.com,Male,137.48.176.46
557,Retha,Yakubov,ryakubovfg@google.co.jp,Female,16.36.108.197
558,Ashia,Yesenev,ayesenevfh@blogspot.com,Female,119.47.111.213
559,Danita,Wingar,dwingarfi@ucsd.edu,Female,177.130.81.18
560,Cory,Caplen,ccaplenfj@pinterest.com,Female,247.130.183.118
561,Felisha,Ossenna,fossennafk@uol.com.br,Female,154.91.82.61
562,Tristan,Chotty,tchottyfl@twitpic.com,Male,26.58.179.156
563,Cynthea,Arnott,carnottfm@woothemes.com,Female,148.162.157.233
564,Bev,Andrin,bandrinfn@usatoday.com,Female,162.113.204.9
565,Livia,Woodrup,lwoodrupfo@blogtalkradio.com,Female,118.155.184.198
566,Elladine,Balazot,ebalazotfp@yahoo.co.jp,Female,130.132.97.133
567,Troy,Groucutt,tgroucuttfq@unesco.org,Male,174.108.199.64
568,Elston,Dmitrovic,edmitrovicfr@prnewswire.com,Male,129.1.56.190
569,Giselbert,Kingswell,gkingswellfs@i2i.jp,Male,63.118.250.110
570,Gage,Bradie,gbradieft@msn.com,Male,189.207.234.195
571,Marco,Fullstone,mfullstonefu@macromedia.com,Male,74.42.24.142
572,Arri,Paterno,apaternofv@unicef.org,Male,172.130.141.224
573,Jessy,Jerdein,jjerdeinfw@dot.gov,Female,60.164.43.78
574,Caitrin,McCusker,cmccuskerfx@51.la,Female,100.228.181.245
575,Zorina,Cordero,zcorderofy@cnbc.com,Female,254.173.131.16
576,Susana,Flucker,sfluckerfz@purevolume.com,Female,176.250.139.216
577,Rockey,Nielson,rnielsong0@tiny.cc,Male,105.0.142.47
578,Kaspar,Dawber,kdawberg1@prnewswire.com,Male,155.15.254.21
579,Geoffrey,Castiello,gcastiellog2@earthlink.net,Male,192.67.43.206
580,Julissa,Abbie,jabbieg3@pinterest.com,Female,56.164.65.12
581,Mandel,Petzold,mpetzoldg4@va.gov,Male,0.134.197.81
582,Eulalie,Benettolo,ebenettolog5@dmoz.org,Female,147.20.70.171
583,Tami,Bhar,tbharg6@howstuffworks.com,Female,75.89.241.161
584,Yolanda,Dielhenn,ydielhenng7@boston.com,Female,110.118.196.150
585,Juline,Collard,jcollardg8@sbwire.com,Female,224.254.71.148
586,Kaitlynn,Burchill,kburchillg9@mtv.com,Female,91.161.252.237
587,Lita,Wittering,lwitteringga@java.com,Female,108.18.15.164
588,Odessa,Schoenrock,oschoenrockgb@liveinternet.ru,Female,49.164.32.61
589,Georgetta,Longdon,glongdongc@cbc.ca,Female,107.142.164.90
590,Leyla,Delete,ldeletegd@freewebs.com,Female,82.192.194.152
591,Irvin,Philippet,iphilippetge@amazon.co.jp,Male,201.206.190.110
592,Marie-ann,Danbrook,mdanbrookgf@ftc.gov,Female,212.7.207.145
593,Katerina,Jakubovics,kjakubovicsgg@miitbeian.gov.cn,Female,86.53.181.93
594,Josephine,Queste,jquestegh@nba.com,Female,29.63.181.230
595,Carmelita,Riden,cridengi@gov.uk,Female,9.230.15.45
596,Rodolfo,Weyland,rweylandgj@wisc.edu,Male,114.155.150.94
597,Torrence,Lemmer,tlemmergk@privacy.gov.au,Male,15.229.4.200
598,Rod,Netti,rnettigl@artisteer.com,Male,142.113.19.213
599,Chastity,Meldon,cmeldongm@illinois.edu,Female,253.115.219.156
600,Mariejeanne,Hitcham,mhitchamgn@huffingtonpost.com,Female,98.124.104.22
601,Sanders,Batman,sbatmango@ow.ly,Male,222.39.126.66
602,Kort,McArdle,kmcardlegp@forbes.com,Male,247.66.151.53
603,Ebonee,McCumesky,emccumeskygq@craigslist.org,Female,61.249.241.135
604,Codie,Fair,cfairgr@sakura.ne.jp,Female,0.169.85.110
605,Nobe,Fosten,nfostengs@pcworld.com,Male,5.115.30.148
606,Kassandra,Kite,kkitegt@cam.ac.uk,Female,10.161.42.206
607,Chery,Meah,cmeahgu@google.pl,Female,105.115.121.98
608,Kennedy,Liptrot,kliptrotgv@engadget.com,Male,243.24.59.255
609,Dareen,Quinby,dquinbygw@netlog.com,Female,230.126.224.32
610,Adrianne,Sudell,asudellgx@ycombinator.com,Female,142.234.109.148
611,Connie,Andrejevic,candrejevicgy@w3.org,Male,231.125.136.18
612,Zorana,Ledeker,zledekergz@webnode.com,Female,16.214.48.140
613,Herbie,Malby,hmalbyh0@fastcompany.com,Male,252.82.77.85
614,Arden,Percy,apercyh1@examiner.com,Female,172.3.225.43
615,Filberte,Kordt,fkordth2@wikispaces.com,Male,70.24.171.247
616,Ephrem,Happel,ehappelh3@samsung.com,Male,209.209.153.165
617,Hilly,Crimpe,hcrimpeh4@berkeley.edu,Male,253.34.23.233
618,Shaun,Coundley,scoundleyh5@surveymonkey.com,Male,199.176.9.14
619,Codee,Sainsberry,csainsberryh6@hugedomains.com,Female,188.38.81.255
620,Frank,Ainge,faingeh7@merriam-webster.com,Male,156.164.220.198
621,Greg,Hotson,ghotsonh8@cbsnews.com,Male,105.5.38.15
622,Irvin,Godfray,igodfrayh9@upenn.edu,Male,247.94.79.53
623,Marybelle,Pimbley,mpimbleyha@pbs.org,Female,201.191.244.99
624,Marylynne,Millyard,mmillyardhb@mit.edu,Female,36.221.44.114
625,Hartley,Albertson,halbertsonhc@adobe.com,Male,48.241.13.153
626,Celisse,Zambonini,czamboninihd@studiopress.com,Female,211.128.233.5
627,Rustie,Avent,raventhe@usnews.com,Male,37.158.44.197
628,Dov,Dews,ddewshf@toplist.cz,Male,179.98.44.64
629,Ulysses,Hallowes,uhalloweshg@hatena.ne.jp,Male,29.224.161.97
630,Brendin,Bazeley,bbazeleyhh@zimbio.com,Male,156.47.64.24
631,Trumaine,Isacsson,tisacssonhi@over-blog.com,Male,196.189.195.107
632,Osborne,Brawson,obrawsonhj@taobao.com,Male,171.103.219.68
633,Mary,Varcoe,mvarcoehk@columbia.edu,Female,194.253.242.66
634,Emalee,Cockshot,ecockshothl@cam.ac.uk,Female,244.133.196.225
635,Ranice,Jentgens,rjentgenshm@nymag.com,Female,170.10.84.169
636,Odelia,Tackley,otackleyhn@usa.gov,Female,255.198.127.67
637,Jody,Yarnall,jyarnallho@mit.edu,Male,77.41.73.206
638,Joell,Wayne,jwaynehp@princeton.edu,Female,119.217.194.29
639,Abey,Necolds,anecoldshq@npr.org,Male,44.60.175.249
640,Alberta,Duly,adulyhr@independent.co.uk,Female,222.55.100.233
641,Tildie,Lambe,tlambehs@about.com,Female,176.130.99.168
642,Lois,Bree,lbreeht@123-reg.co.uk,Female,42.225.56.106
643,Elvis,Breakspear,ebreakspearhu@springer.com,Male,129.97.205.144
644,Harwilll,Boddis,hboddishv@weibo.com,Male,222.129.10.76
645,Haleigh,Hubbuck,hhubbuckhw@eepurl.com,Male,8.92.92.171
646,Enos,Escudier,eescudierhx@cdbaby.com,Male,104.97.54.115
647,Lorain,Fauguel,lfauguelhy@symantec.com,Female,61.199.20.183
648,Veda,Marte,vmartehz@nhs.uk,Female,202.215.49.52
649,Gibbie,Sigg,gsiggi0@ft.com,Male,40.10.62.133
650,Hyatt,Ceaplen,hceapleni1@amazon.co.uk,Male,248.151.157.27
651,Lidia,Hards,lhardsi2@guardian.co.uk,Female,108.66.202.240
652,Catherine,Fonquernie,cfonquerniei3@squarespace.com,Female,23.145.225.7
653,Worth,Dimnage,wdimnagei4@arstechnica.com,Male,151.215.20.161
654,Aloisia,Hofer,ahoferi5@csmonitor.com,Female,48.153.81.178
655,Reece,Verma,rvermai6@blogger.com,Male,90.22.176.111
656,Doug,Lyvon,dlyvoni7@java.com,Male,65.136.4.47
657,Hannis,Rolph,hrolphi8@tinypic.com,Female,12.92.123.58
658,Danielle,Greeno,dgreenoi9@hc360.com,Female,137.227.248.133
659,Bree,Rahill,brahillia@marketwatch.com,Female,1.58.168.196
660,Fairfax,Fairholme,ffairholmeib@instagram.com,Male,183.169.253.214
661,Charlton,Killelay,ckillelayic@quantcast.com,Male,121.235.142.75
662,Dede,Doveston,ddovestonid@xinhuanet.com,Female,0.185.93.161
663,Kare,Millichip,kmillichipie@vkontakte.ru,Female,199.137.251.122
664,Zak,Aspinal,zaspinalif@mysql.com,Male,22.132.127.187
665,Olia,Batthew,obatthewig@unicef.org,Female,249.45.235.184
666,Davidde,Westcott,dwestcottih@storify.com,Male,1.113.204.195
667,Colly,Coaker,ccoakerii@ftc.gov,Female,146.240.27.22
668,Nanete,Winter,nwinterij@behance.net,Female,112.202.31.81
669,Denney,Camus,dcamusik@oakley.com,Male,23.151.98.19
670,Gerry,Ivashnyov,givashnyovil@woothemes.com,Male,235.38.238.48
671,Matthaeus,Haster,mhasterim@tripod.com,Male,102.232.131.126
672,Mallorie,Atling,matlingin@biglobe.ne.jp,Female,81.46.203.53
673,Angele,Bateup,abateupio@amazonaws.com,Female,243.198.34.18
674,Leta,Doram,ldoramip@whitehouse.gov,Female,85.7.187.213
675,Yalonda,Smolan,ysmolaniq@yahoo.co.jp,Female,198.114.240.200
676,Letta,Espadater,lespadaterir@samsung.com,Female,229.113.153.118
677,Rodina,Richardson,rrichardsonis@php.net,Female,206.244.125.66
678,Natala,Paulus,npaulusit@shop-pro.jp,Female,137.9.100.143
679,Zerk,Brayshay,zbrayshayiu@prnewswire.com,Male,31.154.247.35
680,Penny,Sugars,psugarsiv@smugmug.com,Male,140.152.15.63
681,Teena,Hawyes,thawyesiw@narod.ru,Female,114.242.11.19
682,Alejandro,Mixter,amixterix@irs.gov,Male,231.112.149.214
683,Loria,Mundy,lmundyiy@godaddy.com,Female,78.81.226.110
684,Joni,Chad,jchadiz@disqus.com,Female,180.248.89.241
685,Griffin,Brounfield,gbrounfieldj0@whitehouse.gov,Male,140.18.68.240
686,Lonni,Ouldcott,louldcottj1@constantcontact.com,Female,163.112.231.129
687,Thom,Addington,taddingtonj2@spiegel.de,Male,155.70.20.109
688,Laughton,Kubczak,lkubczakj3@addthis.com,Male,53.140.132.149
689,Ezmeralda,Charrier,echarrierj4@zimbio.com,Female,150.46.161.66
690,Celestina,Regelous,cregelousj5@un.org,Female,144.151.11.251
691,Quentin,Gibbeson,qgibbesonj6@live.com,Female,103.205.222.82
692,Donna,Sandon,dsandonj7@cdbaby.com,Female,2.33.3.231
693,Deny,McSherry,dmcsherryj8@behance.net,Female,59.104.32.218
694,Aurora,Pleming,aplemingj9@taobao.com,Female,173.227.94.92
695,Byran,Emett,bemettja@technorati.com,Male,142.1.104.197
696,Camilla,Balch,cbalchjb@pcworld.com,Female,76.0.230.208
697,Raff,McCrillis,rmccrillisjc@wix.com,Male,95.240.225.166
698,Bette,Pountney,bpountneyjd@state.gov,Female,228.77.120.111
699,Daphne,Kinnier,dkinnierje@netvibes.com,Female,45.2.210.218
700,Helenelizabeth,Colicot,hcolicotjf@epa.gov,Female,10.58.121.63
701,Evey,Grzesiewicz,egrzesiewiczjg@census.gov,Female,84.201.22.157
702,Aline,Orteau,aorteaujh@youtube.com,Female,54.254.230.233
703,Renard,Berresford,rberresfordji@moonfruit.com,Male,163.226.177.188
704,Bennie,McTavish,bmctavishjj@ifeng.com,Female,97.74.181.216
705,Brantley,Daniells,bdaniellsjk@blogs.com,Male,42.200.24.54
706,Ruthe,Killingback,rkillingbackjl@utexas.edu,Female,57.166.82.80
707,Maire,Carmont,mcarmontjm@cnn.com,Female,63.195.24.75
708,Bonnibelle,Sink,bsinkjn@globo.com,Female,40.186.144.89
709,Oliviero,Matts,omattsjo@google.nl,Male,221.51.38.60
710,Waylan,Doby,wdobyjp@prnewswire.com,Male,128.5.110.95
711,Leland,Beedham,lbeedhamjq@state.tx.us,Male,157.87.157.26
712,Paten,Bennit,pbennitjr@facebook.com,Male,129.184.214.92
713,Quentin,Fairholme,qfairholmejs@mashable.com,Female,82.130.32.25
714,Kara,Ebenezer,kebenezerjt@scribd.com,Female,146.29.137.234
715,Webster,Brodhead,wbrodheadju@timesonline.co.uk,Male,14.133.105.87
716,Delores,Bertome,dbertomejv@cafepress.com,Female,38.83.128.26
717,Zita,Stratford,zstratfordjw@e-recht24.de,Female,136.152.206.146
718,Udall,Storck,ustorckjx@google.com.au,Male,160.168.113.14
719,Nathanial,Valder,nvalderjy@dion.ne.jp,Male,181.17.191.188
720,Esma,Jeffcoat,ejeffcoatjz@w3.org,Female,55.113.134.13
721,Pincus,Swoffer,pswofferk0@dion.ne.jp,Male,99.189.73.176
722,Nelly,Decourcy,ndecourcyk1@yolasite.com,Female,79.101.186.25
723,Davita,Hards,dhardsk2@drupal.org,Female,192.129.55.154
724,Lindy,Redsull,lredsullk3@sogou.com,Male,105.248.244.148
725,Read,Bullent,rbullentk4@bing.com,Male,225.244.22.155
726,Baron,Charette,bcharettek5@berkeley.edu,Male,43.235.140.51
727,Cos,Soames,csoamesk6@topsy.com,Male,5.2.41.118
728,Micaela,Teresia,mteresiak7@abc.net.au,Female,22.27.100.250
729,Harris,Balas,hbalask8@mysql.com,Male,75.138.212.178
730,Tamera,Hews,thewsk9@vk.com,Female,1.169.238.247
731,Melany,Christley,mchristleyka@yolasite.com,Female,17.225.42.132
732,Othilia,Bordes,obordeskb@dedecms.com,Female,52.235.250.45
733,Carling,Keerl,ckeerlkc@weibo.com,Male,106.132.36.76
734,Wenda,Smiley,wsmileykd@seattletimes.com,Female,128.4.248.85
735,Dulcy,Thorndale,dthorndaleke@yale.edu,Female,31.50.123.240
736,Louis,Fortescue,lfortescuekf@paypal.com,Male,25.171.128.173
737,Phillip,MacFadyen,pmacfadyenkg@hexun.com,Male,234.93.155.209
738,Valerye,Dowley,vdowleykh@miitbeian.gov.cn,Female,187.94.121.45
739,Gus,Czajkowska,gczajkowskaki@cpanel.net,Female,172.65.103.79
740,Kathlin,Tookey,ktookeykj@biglobe.ne.jp,Female,49.16.117.209
741,Elinor,Fullylove,efullylovekk@msn.com,Female,249.231.123.185
742,Corina,Dayment,cdaymentkl@washington.edu,Female,10.121.41.195
743,Palm,Nickolls,pnickollskm@nhs.uk,Male,72.244.81.113
744,Ilysa,McElrath,imcelrathkn@wordpress.com,Female,203.107.211.31
745,Hervey,Habert,hhabertko@rediff.com,Male,82.78.214.130
746,Nevil,Hurworth,nhurworthkp@vimeo.com,Male,38.191.40.46
747,Tiphani,Oehme,toehmekq@squarespace.com,Female,59.87.48.90
748,Raynell,Grissett,rgrissettkr@meetup.com,Female,254.29.113.126
749,Quintana,Dibley,qdibleyks@de.vu,Female,173.99.230.174
750,Rogers,Pfiffer,rpfifferkt@unblog.fr,Male,81.239.48.30
751,Rad,Heinecke,rheineckeku@typepad.com,Male,137.144.159.190
752,Saidee,Cleugher,scleugherkv@time.com,Female,34.60.34.228
753,Cecil,Haly,chalykw@guardian.co.uk,Male,110.59.133.106
754,Goraud,Spires,gspireskx@acquirethisname.com,Male,162.170.68.143
755,Valma,Nicol,vnicolky@arizona.edu,Female,24.244.134.145
756,Elsie,Pryell,epryellkz@elegantthemes.com,Female,149.81.87.26
757,Mikkel,MacRirie,mmacririel0@bing.com,Male,207.197.232.98
758,Saul,Elner,selnerl1@zimbio.com,Male,133.76.248.138
759,Deny,Ingleston,dinglestonl2@nasa.gov,Female,96.40.129.150
760,Meredith,Kerwin,mkerwinl3@walmart.com,Female,160.1.44.246
761,Skye,Labram,slabraml4@google.co.jp,Male,6.58.68.252
762,Cly,Remington,cremingtonl5@a8.net,Male,94.74.57.103
763,Orrin,Wyeld,owyeldl6@dyndns.org,Male,84.95.12.131
764,Baxie,Gabey,bgabeyl7@ucla.edu,Male,177.172.222.103
765,Al,Dunnion,adunnionl8@wired.com,Male,75.227.223.208
766,Candida,Markus,cmarkusl9@ucoz.com,Female,190.90.170.178
767,Angelique,Millan,amillanla@canalblog.com,Female,44.63.40.144
768,Tabby,Weddell,tweddelllb@icio.us,Female,23.158.154.90
769,Dennie,Duffill,dduffilllc@sphinn.com,Female,65.7.51.37
770,Aharon,MacCosty,amaccostyld@slate.com,Male,21.137.47.193
771,Ximenes,Witsey,xwitseyle@wix.com,Male,97.20.222.6
772,Kirstin,Ride,kridelf@trellian.com,Female,36.168.241.192
773,Adamo,Matchett,amatchettlg@privacy.gov.au,Male,235.3.236.63
774,Rabbi,Lammert,rlammertlh@goodreads.com,Male,150.81.69.194
775,Chick,Castelletti,ccastellettili@oakley.com,Male,189.215.33.38
776,Hermy,Capewell,hcapewelllj@harvard.edu,Male,178.131.144.194
777,Davin,Seid,dseidlk@fotki.com,Male,215.173.185.255
778,Tully,Pargiter,tpargiterll@upenn.edu,Male,37.72.187.226
779,Frasco,Ondracek,fondraceklm@pagesperso-orange.fr,Male,65.186.47.208
780,Umeko,Sabater,usabaterln@alibaba.com,Female,136.170.204.124
781,Verney,Sheffield,vsheffieldlo@businessweek.com,Male,99.120.108.197
782,Arielle,Asey,aaseylp@admin.ch,Female,167.95.57.30
783,Rowe,Bigley,rbigleylq@constantcontact.com,Female,248.205.190.160
784,Birgit,Redmain,bredmainlr@icq.com,Female,1.215.1.9
785,Idaline,Bakeup,ibakeupls@issuu.com,Female,248.198.71.103
786,Faydra,Mould,fmouldlt@nifty.com,Female,210.145.245.99
787,Nicoline,Cable,ncablelu@amazon.de,Female,158.117.191.113
788,Auberta,Stocker,astockerlv@surveymonkey.com,Female,106.177.70.217
789,Raymond,Rayworth,rrayworthlw@opensource.org,Male,26.117.34.56
790,Godfree,Dreossi,gdreossilx@ft.com,Male,102.31.199.163
791,Ben,Hallum,bhallumly@disqus.com,Male,139.158.174.115
792,Gavra,Legendre,glegendrelz@bbb.org,Female,240.88.182.96
793,Lyman,Meekin,lmeekinm0@opensource.org,Male,169.236.65.229
794,Binky,Romain,bromainm1@dailymail.co.uk,Male,106.118.248.158
795,Efren,Shackleton,eshackletonm2@miitbeian.gov.cn,Male,103.106.144.1
796,Hamlin,Abbado,habbadom3@samsung.com,Male,192.86.0.212
797,Dillon,Albon,dalbonm4@rambler.ru,Male,50.11.150.79
798,Myrvyn,Garrat,mgarratm5@cisco.com,Male,112.135.193.245
799,Damian,Horsefield,dhorsefieldm6@gizmodo.com,Male,90.138.20.123
800,Fidelio,Fitzackerley,ffitzackerleym7@economist.com,Male,228.140.250.6
801,Iormina,Okker,iokkerm8@ning.com,Female,211.169.28.132
802,Garik,Ben,gbenm9@nytimes.com,Male,210.252.231.69
803,Udall,Hubeaux,uhubeauxma@hostgator.com,Male,11.172.108.248
804,Renate,Catchpole,rcatchpolemb@techcrunch.com,Female,208.46.131.226
805,Tiff,Frend,tfrendmc@guardian.co.uk,Female,74.16.151.85
806,Drew,Lenz,dlenzmd@angelfire.com,Male,13.15.6.47
807,Cchaddie,Bricket,cbricketme@nymag.com,Male,185.223.141.131
808,Merill,Kinney,mkinneymf@livejournal.com,Male,123.52.217.11
809,Darwin,Overstone,doverstonemg@arizona.edu,Male,120.44.69.58
810,Haydon,Dosdale,hdosdalemh@intel.com,Male,206.213.121.13
811,Cleo,McGorley,cmcgorleymi@google.ru,Female,174.13.179.98
812,Rhodia,Shannon,rshannonmj@homestead.com,Female,69.63.47.74
813,Doralynne,Daveren,ddaverenmk@tmall.com,Female,146.31.116.75
814,Reider,Tyt,rtytml@salon.com,Male,204.81.176.229
815,Washington,Heiner,wheinermm@utexas.edu,Male,187.241.193.49
816,Francoise,Southgate,fsouthgatemn@ucsd.edu,Female,197.218.255.16
817,Yasmeen,Phizackarley,yphizackarleymo@qq.com,Female,171.78.40.143
818,Cindee,Divver,cdivvermp@uiuc.edu,Female,139.11.55.255
819,Valentine,Spinozzi,vspinozzimq@shop-pro.jp,Male,175.18.102.148
820,Marleen,Naden,mnadenmr@bandcamp.com,Female,171.116.23.26
821,Elsie,Lukas,elukasms@google.co.jp,Female,154.80.89.175
822,Barnebas,McCole,bmccolemt@sogou.com,Male,245.227.230.4
823,Berenice,Tearney,btearneymu@liveinternet.ru,Female,94.149.144.76
824,Ola,Haley,ohaleymv@weather.com,Female,50.75.95.19
825,Willabella,Annetts,wannettsmw@friendfeed.com,Female,31.169.118.210
826,Merridie,Etoile,metoilemx@businesswire.com,Female,5.186.38.101
827,Ann,Curgenven,acurgenvenmy@ebay.co.uk,Female,235.38.250.89
828,Abie,Labbez,alabbezmz@xinhuanet.com,Male,217.31.129.252
829,Maribeth,Carous,mcarousn0@goodreads.com,Female,78.101.156.17
830,Penni,Pitcaithley,ppitcaithleyn1@furl.net,Female,33.203.24.140
831,Padraig,Monard,pmonardn2@virginia.edu,Male,94.202.95.74
832,Charlotta,Kille,ckillen3@engadget.com,Female,230.112.172.240
833,Lorne,Joderli,ljoderlin4@elpais.com,Female,180.138.250.2
834,Arline,Huff,ahuffn5@globo.com,Female,191.5.83.45
835,Rhetta,Giacomozzo,rgiacomozzon6@elpais.com,Female,235.90.215.150
836,Gilberto,Evamy,gevamyn7@bloglines.com,Male,245.34.41.182
837,Chance,Cristofvao,ccristofvaon8@jigsy.com,Male,211.180.98.172
838,Drud,Edbrooke,dedbrooken9@discovery.com,Male,163.178.215.21
839,Levi,Conant,lconantna@newsvine.com,Male,198.219.203.37
840,Eolande,Glasspoole,eglasspoolenb@zimbio.com,Female,60.71.150.168
841,Rawley,Ilyinykh,rilyinykhnc@google.co.jp,Male,102.103.191.9
842,Bobette,Gordon-Giles,bgordongilesnd@smh.com.au,Female,4.199.4.97
843,Carmita,Aitkenhead,caitkenheadne@issuu.com,Female,152.171.138.43
844,Kellyann,Tzar,ktzarnf@huffingtonpost.com,Female,144.116.43.93
845,Kacy,Bonnick,kbonnickng@geocities.com,Female,253.187.125.86
846,Chelsy,Vasyatkin,cvasyatkinnh@patch.com,Female,65.102.1.179
847,Archy,Bonicelli,abonicellini@fc2.com,Male,151.29.43.167
848,Thebault,Latliff,tlatliffnj@ed.gov,Male,241.188.240.119
849,Batholomew,Heasly,bheaslynk@wufoo.com,Male,115.50.111.160
850,Melodie,Cudbertson,mcudbertsonnl@ihg.com,Female,168.100.99.201
851,Ronda,Rentoll,rrentollnm@sfgate.com,Female,222.154.121.54
852,Britney,Sowten,bsowtennn@furl.net,Female,249.252.65.211
853,Ealasaid,Langelay,elangelayno@comsenz.com,Female,114.231.239.2
854,Levon,Rossoni,lrossoninp@huffingtonpost.com,Male,96.201.235.80
855,Lucho,Skelding,lskeldingnq@wisc.edu,Male,228.210.255.141
856,Erminie,Cadney,ecadneynr@reuters.com,Female,254.33.153.39
857,Astra,Morrell,amorrellns@wikipedia.org,Female,60.176.84.230
858,Myrna,Jacox,mjacoxnt@usa.gov,Female,38.153.187.110
859,Saunderson,Greedyer,sgreedyernu@newsvine.com,Male,186.238.63.188
860,Marcelo,Pollins,mpollinsnv@nationalgeographic.com,Male,8.32.59.213
861,Abbey,Prati,apratinw@hc360.com,Male,130.179.251.133
862,Courtney,Fredy,cfredynx@yahoo.com,Female,0.99.0.99
863,Sean,Baswall,sbaswallny@shutterfly.com,Male,183.96.54.65
864,Tybi,Plaschke,tplaschkenz@skype.com,Female,57.190.202.23
865,Gabriella,Ponten,gponteno0@apache.org,Female,183.77.88.169
866,Iago,Logesdale,ilogesdaleo1@bizjournals.com,Male,72.255.83.132
867,Zelma,Criple,zcripleo2@angelfire.com,Female,114.220.70.82
868,Tracie,Grzes,tgrzeso3@shinystat.com,Male,60.146.102.189
869,Nedi,Kempton,nkemptono4@delicious.com,Female,102.219.166.3
870,Tally,Waycot,twaycoto5@cbslocal.com,Female,140.194.135.7
871,Tomas,Boulds,tbouldso6@booking.com,Male,121.244.252.249
872,Marven,Whitloe,mwhitloeo7@opensource.org,Male,13.244.169.192
873,Inger,Pidwell,ipidwello8@howstuffworks.com,Male,166.130.63.136
874,Tobe,Yegorkov,tyegorkovo9@dell.com,Male,94.211.219.81
875,Hansiain,Kayes,hkayesoa@ed.gov,Male,152.143.6.26
876,Alvy,Bauckham,abauckhamob@about.me,Male,120.31.245.184
877,Lillis,Arnett,larnettoc@purevolume.com,Female,66.156.1.83
878,Gawain,Swayland,gswaylandod@intel.com,Male,29.36.135.149
879,Dinnie,Amner,damneroe@cargocollective.com,Female,76.111.167.235
880,Diane-marie,Zanelli,dzanelliof@dropbox.com,Female,197.210.151.46
881,Erda,Shepherd,eshepherdog@illinois.edu,Female,157.116.220.242
882,Olympie,Huson,ohusonoh@360.cn,Female,140.26.245.247
883,Petr,Smewin,psmewinoi@state.gov,Male,12.37.129.183
884,Pierce,Mainstone,pmainstoneoj@sogou.com,Male,237.160.214.34
885,Lauretta,Hinckes,lhinckesok@miitbeian.gov.cn,Female,234.81.211.58
886,Shalne,Yeats,syeatsol@wp.com,Female,252.79.62.10
887,Aveline,Wallbridge,awallbridgeom@yahoo.co.jp,Female,41.15.77.205
888,Douglass,Rouff,drouffon@lycos.com,Male,1.157.32.17
889,Dixie,McMickan,dmcmickanoo@pinterest.com,Female,150.234.133.83
890,Etti,Cunnington,ecunningtonop@ameblo.jp,Female,244.86.168.111
891,Conroy,Jery,cjeryoq@ox.ac.uk,Male,38.247.3.148
892,Frances,Burrell,fburrellor@simplemachines.org,Female,1.214.249.230
893,Nicolina,Crich,ncrichos@nhs.uk,Female,65.179.243.186
894,Libby,Braithwait,lbraithwaitot@cbsnews.com,Female,193.97.25.102
895,Tan,Methuen,tmethuenou@csmonitor.com,Male,255.92.190.132
896,Wiatt,Pagnin,wpagninov@prlog.org,Male,147.64.7.35
897,Leona,Brewins,lbrewinsow@weebly.com,Female,5.72.138.179
898,Manny,Gadsdon,mgadsdonox@sciencedaily.com,Male,114.196.246.199
899,Giraldo,Richardet,grichardetoy@flickr.com,Male,94.223.168.168
900,Teresina,Broadhurst,tbroadhurstoz@gravatar.com,Female,70.157.59.172
901,Muire,Grigs,mgrigsp0@nature.com,Female,47.99.242.90
902,Bessy,Burtwhistle,bburtwhistlep1@bravesites.com,Female,81.66.16.240
903,Kristoffer,Son,ksonp2@jalbum.net,Male,224.239.107.28
904,Micky,Heam,mheamp3@nps.gov,Male,177.149.86.127
905,Anselm,Tather,atatherp4@topsy.com,Male,188.117.123.56
906,Amery,Papps,apappsp5@vimeo.com,Male,127.116.219.65
907,Kellen,Mountstephen,kmountstephenp6@php.net,Male,88.123.74.14
908,Binky,Abbotts,babbottsp7@soundcloud.com,Male,193.168.85.35
909,Costa,Argue,carguep8@yolasite.com,Male,199.4.117.198
910,Corny,Gowar,cgowarp9@blogtalkradio.com,Male,255.154.36.225
911,Aristotle,Jedrzaszkiewicz,ajedrzaszkiewiczpa@newsvine.com,Male,38.27.14.200
912,Yehudi,Birkin,ybirkinpb@homestead.com,Male,200.1.190.247
913,Rickie,Islip,rislippc@craigslist.org,Female,113.194.100.124
914,Lotti,Arlt,larltpd@plala.or.jp,Female,23.160.157.98
915,Lidia,Atherton,lathertonpe@webnode.com,Female,202.182.252.102
916,Gabe,Bielefeld,gbielefeldpf@usda.gov,Male,71.93.71.50
917,Pincus,Littleover,plittleoverpg@networksolutions.com,Male,247.135.65.155
918,Deedee,Mawd,dmawdph@slate.com,Female,76.26.30.6
919,Constantin,Elfleet,celfleetpi@alexa.com,Male,145.254.127.174
920,Stirling,Dmisek,sdmisekpj@facebook.com,Male,223.100.118.13
921,Stepha,Worthing,sworthingpk@ezinearticles.com,Female,52.68.173.68
922,Ely,Gardner,egardnerpl@dailymotion.com,Male,255.130.87.146
923,Lance,Pickworth,lpickworthpm@scribd.com,Male,234.225.161.8
924,Louise,Pellman,lpellmanpn@omniture.com,Female,87.68.7.149
925,Wynn,Prangley,wprangleypo@guardian.co.uk,Male,173.134.15.244
926,Max,Flatte,mflattepp@aboutads.info,Male,225.56.250.187
927,Cherianne,Baunton,cbauntonpq@pen.io,Female,150.111.21.146
928,Gratia,Stallybrass,gstallybrasspr@hud.gov,Female,31.148.239.74
929,Robin,McQuorkell,rmcquorkellps@elpais.com,Female,219.161.141.225
930,Vinnie,Helsdon,vhelsdonpt@creativecommons.org,Female,79.43.175.179
931,Joyann,Stibbs,jstibbspu@pagesperso-orange.fr,Female,228.213.145.75
932,Randee,Belson,rbelsonpv@archive.org,Female,133.204.98.209
933,Deloria,Sephton,dsephtonpw@sphinn.com,Female,13.148.118.170
934,Angie,Roast,aroastpx@naver.com,Male,244.86.162.55
935,Sascha,Wallentin,swallentinpy@meetup.com,Female,141.246.209.40
936,Mano,Danit,mdanitpz@hp.com,Male,236.160.81.14
937,Gerhardine,Couronne,gcouronneq0@sun.com,Female,144.201.85.47
938,Christi,Couldwell,ccouldwellq1@google.pl,Female,201.201.213.76
939,Lurline,Uttermare,luttermareq2@shutterfly.com,Female,31.156.85.247
940,Felice,Wandrach,fwandrachq3@example.com,Male,182.105.180.179
941,Norina,Vardie,nvardieq4@newsvine.com,Female,70.131.102.72
942,Weber,MacClinton,wmacclintonq5@washingtonpost.com,Male,120.173.81.39
943,Ashly,Leefe,aleefeq6@cbslocal.com,Female,64.207.195.151
944,Phoebe,Dignam,pdignamq7@usda.gov,Female,170.243.228.31
945,Ana,Slaughter,aslaughterq8@artisteer.com,Female,178.33.24.6
946,Zarah,Duprey,zdupreyq9@amazon.co.uk,Female,62.139.144.240
947,Gretal,Ledbury,gledburyqa@telegraph.co.uk,Female,11.161.198.161
948,Maxie,Fforde,mffordeqb@imdb.com,Male,141.225.199.122
949,Dasi,Horsell,dhorsellqc@goo.ne.jp,Female,190.24.134.120
950,Elysee,McClory,emccloryqd@free.fr,Female,142.145.150.197
951,Leena,Treacher,ltreacherqe@mapquest.com,Female,73.200.52.128
952,Josee,de Savery,jdesaveryqf@ameblo.jp,Female,156.115.134.246
953,Car,Christophle,cchristophleqg@va.gov,Male,91.45.111.181
954,Claudian,Burges,cburgesqh@hexun.com,Male,148.149.113.77
955,Kariotta,Havelin,khavelinqi@tiny.cc,Female,74.201.136.192
956,Bobby,Troppmann,btroppmannqj@mac.com,Male,229.63.2.62
957,Meredeth,Duckett,mduckettqk@vk.com,Male,119.233.160.161
958,Sapphira,Frediani,sfredianiql@networkadvertising.org,Female,138.23.7.2
959,Anna-maria,Biggen,abiggenqm@umn.edu,Female,84.169.123.202
960,Clerkclaude,Giron,cgironqn@youku.com,Male,22.88.197.82
961,Anna,Mariel,amarielqo@digg.com,Female,183.48.108.107
962,Rickey,Slowey,rsloweyqp@reference.com,Male,218.160.214.139
963,Field,Harbar,fharbarqq@geocities.com,Male,92.224.10.37
964,Bowie,Sollime,bsollimeqr@salon.com,Male,159.230.143.161
965,Glenda,Heinish,gheinishqs@go.com,Female,28.101.104.38
966,Katusha,Ivatt,kivattqt@weebly.com,Female,205.157.73.190
967,Felizio,Brightey,fbrighteyqu@51.la,Male,180.36.49.196
968,Gregory,Valentim,gvalentimqv@constantcontact.com,Male,13.152.119.182
969,Clare,Bricham,cbrichamqw@drupal.org,Male,240.0.3.10
970,Dietrich,Dixcey,ddixceyqx@wikispaces.com,Male,68.161.97.254
971,Jobi,Ferencowicz,jferencowiczqy@google.co.uk,Female,33.136.68.249
972,Vergil,Kennington,vkenningtonqz@rakuten.co.jp,Male,103.135.168.44
973,Werner,Masters,wmastersr0@tumblr.com,Male,26.69.16.130
974,Woodrow,Whitlam,wwhitlamr1@unc.edu,Male,35.169.196.255
975,Flin,Blythe,fblyther2@wordpress.org,Male,207.235.157.133
976,Tull,Bolin,tbolinr3@4shared.com,Male,120.102.164.185
977,Otis,Jedrzejkiewicz,ojedrzejkiewiczr4@joomla.org,Male,17.107.148.204
978,Alexa,Jakeway,ajakewayr5@furl.net,Female,103.241.55.142
979,Elisabet,Abbate,eabbater6@jigsy.com,Female,43.77.29.221
980,Annalise,Keele,akeeler7@xrea.com,Female,209.82.213.156
981,Rollin,Dunning,rdunningr8@dmoz.org,Male,104.112.157.134
982,Susanetta,Swallow,sswallowr9@archive.org,Female,182.120.238.58
983,Tammi,Moncrieffe,tmoncrieffera@hibu.com,Female,231.179.37.193
984,Algernon,Revie,arevierb@goodreads.com,Male,206.198.38.227
985,Nesta,Mattei,nmatteirc@tumblr.com,Female,111.232.125.13
986,Emelen,Southerns,esouthernsrd@ycombinator.com,Male,148.113.69.58
987,Aggie,Hammor,ahammorre@dropbox.com,Female,195.32.187.163
988,Jackson,Kohlert,jkohlertrf@dailymotion.com,Male,9.181.238.119
989,Ennis,Fenner,efennerrg@digg.com,Male,209.144.196.73
990,Lonnard,Bonifant,lbonifantrh@vkontakte.ru,Male,231.89.215.252
991,Zeke,Howitt,zhowittri@jimdo.com,Male,172.69.124.202
992,Clement,Pepall,cpepallrj@google.com.au,Male,255.90.92.134
993,Fiorenze,Goncaves,fgoncavesrk@github.com,Female,108.38.190.231
994,Gill,Bradforth,gbradforthrl@comcast.net,Male,221.84.85.21
995,Angelica,Roston,arostonrm@meetup.com,Female,153.194.72.228
996,Stormi,Tanguy,stanguyrn@t.co,Female,99.8.50.236
997,Hilda,Waddie,hwaddiero@amazon.com,Female,4.221.98.68
998,Philippa,Sharpley,psharpleyrp@rambler.ru,Female,55.123.221.21
999,Demott,Kilgannon,dkilgannonrq@va.gov,Male,48.177.208.227
